county,township,parcel_count,total_area_ha,centroid_lat,centroid_lng
臺北市,北投區,3931,774.86,25.138635842670734,121.5061957198941
臺北市,士林區,3252,605.62,25.125157524358265,121.54987932432695
臺北市,文山區,884,376.12,24.983357444593846,121.57834580651537
臺北市,南港區,514,140.37,25.026953563384144,121.61541846515047
臺北市,內湖區,920,139.95,25.090932550205338,121.5992479831175
臺北市,信義區,140,21.0,25.024526969374495,121.57529310204676
臺北市,中山區,33,13.13,25.08743882888949,121.5409382455497
臺北市,大安區,13,9.41,25.011416124071527,121.54948489381518
臺中市,和平區,10920,4691.77,24.2647378181946,121.09835575635852
臺中市,東勢區,12086,4031.36,24.247996529858273,120.83731731539424
臺中市,大甲區,21706,3219.15,24.381227116057715,120.63711289031986
臺中市,霧峰區,12441,3194.28,24.04744218346083,120.70346599294892
臺中市,新社區,13217,3146.27,24.183985838080382,120.82778133765763
臺中市,清水區,20348,2918.84,24.295519104443137,120.58253365123217
臺中市,太平區,6442,2818.08,24.114421253676294,120.77058571234603
臺中市,后里區,15540,2570.87,24.3103282119005,120.705020259503
臺中市,外埔區,15196,2528.68,24.334907438987756,120.66776706855441
臺中市,大安區,13798,1984.04,24.363060060072705,120.593848667728
臺中市,龍井區,7783,1796.06,24.197236919504892,120.53492858431751
臺中市,神岡區,11481,1599.76,24.26397844390996,120.6743994645102
臺中市,烏日區,8399,1590.85,24.075481633765104,120.63503250499926
臺中市,大肚區,6281,1290.67,24.144443007648963,120.5500730421032
臺中市,豐原區,8423,1263.47,24.25222718084992,120.73762708106908
臺中市,大雅區,8128,1181.71,24.227040143007684,120.64626051398079
臺中市,沙鹿區,4691,1100.1,24.23405795096262,120.58256790043355
臺中市,北屯區,3460,1056.44,24.187273984356747,120.75291860877745
臺中市,潭子區,6673,945.66,24.21289748905128,120.708264097144
臺中市,西屯區,3895,647.36,24.188979153033163,120.62794886680517
臺中市,石岡區,3590,614.62,24.264782901626372,120.79164387236482
臺中市,大里區,4264,600.76,24.094197163646932,120.6849138704216
臺中市,梧棲區,3245,570.27,24.237541051269936,120.5407336337949
臺中市,南屯區,3343,489.06,24.13811294045944,120.61108016575815
臺中市,南區,100,18.11,24.11597728278709,120.65697796897356
臺中市,東區,143,14.72,24.13676762779248,120.70249484671757
臺中市,北區,30,2.6,24.161653904300262,120.68205758253664
臺中市,西區,12,0.77,24.14264758852401,120.66113333198075
基隆市,七堵區,1289,266.53,25.115256904180818,121.68710901709167
基隆市,安樂區,409,109.03,25.136016447685133,121.7095445861087
基隆市,中山區,318,56.0,25.150158602850027,121.72478100183596
基隆市,暖暖區,227,31.45,25.092239163689744,121.7415994116614
基隆市,信義區,119,21.96,25.125627240635453,121.77850640620977
基隆市,中正區,104,18.68,25.138081685477513,121.78808519951939
基隆市,仁愛區,53,4.27,25.1189686005866,121.74210038428318
臺南市,七股區,16748,9483.14,23.124390253013356,120.10561679213215
臺南市,安南區,15759,6613.37,23.050092505041448,120.14309580267572
臺南市,白河區,17332,5810.94,23.358009932266178,120.44520399389422
臺南市,後壁區,18038,5462.35,23.36188565685468,120.34804926027716
臺南市,東山區,14358,5423.09,23.287256013861,120.43077790875644
臺南市,北門區,7931,4082.12,23.27900241200459,120.1300527996616
臺南市,學甲區,11895,3821.19,23.252496710180377,120.18492103862309
臺南市,鹽水區,12766,3741.72,23.29714427423863,120.247171710674
臺南市,麻豆區,11429,3656.11,23.182042610777124,120.24053528257647
臺南市,楠西區,9474,3646.92,23.178323331467606,120.50928663140266
臺南市,歸仁區,12244,3582.32,22.944486811022664,120.29451832301301
臺南市,柳營區,12112,3416.95,23.27162965185438,120.34758804654325
臺南市,將軍區,10633,3329.67,23.20675577916063,120.1296530383612
臺南市,玉井區,8494,3295.46,23.11446249173874,120.45767830346227
臺南市,善化區,10154,3286.8,23.144170752586046,120.29867840476437
臺南市,南化區,9883,3248.83,23.06957816261289,120.500153616077
臺南市,官田區,10708,3169.61,23.1921208214091,120.33538324398431
臺南市,新市區,9189,2880.3,23.080705349853165,120.29563884492079
臺南市,關廟區,9490,2631.4,22.954837848863967,120.33361825782329
臺南市,新化區,10078,2604.08,23.035559649425206,120.3268585967655
臺南市,大內區,8518,2597.21,23.13708239044605,120.3876532043624
臺南市,佳里區,13401,2589.22,23.166874481260663,120.17865027734263
臺南市,下營區,9737,2437.55,23.230904373146565,120.26482329866009
臺南市,西港區,8986,2396.93,23.12586503943976,120.20026289850945
臺南市,六甲區,7773,2390.19,23.235093258457958,120.35178996312777
臺南市,仁德區,7109,2243.25,22.937635514656122,120.2432018203377
臺南市,安定區,8619,1982.04,23.097445378330143,120.22732456970948
臺南市,新營區,7491,1936.26,23.29927946299956,120.29046474764387
臺南市,左鎮區,5065,1574.05,23.035730112511146,120.40882812411493
臺南市,山上區,4433,1227.71,23.098517985461218,120.36266811756155
臺南市,龍崎區,2309,1118.85,22.955998481275117,120.378948627022
臺南市,永康區,3322,849.03,23.029034138267086,120.26391342198266
臺南市,南區,2492,546.36,22.945624653354734,120.18857518917285
臺南市,中西區,46,22.78,23.002855225504018,120.1732330524364
臺南市,安平區,114,22.74,22.98631375278176,120.15984472777484
臺南市,東區,60,16.18,22.969879352398326,120.22337140136243
臺南市,北區,32,7.32,23.009492719283312,120.18560787807557
高雄市,美濃區,24078,4691.78,22.880491135473996,120.5473616629666
高雄市,旗山區,9929,3558.62,22.864298336632448,120.48331051868404
高雄市,大寮區,11979,2855.59,22.595504519046344,120.41510893760011
高雄市,路竹區,12355,2755.37,22.86100759733603,120.26665362996313
高雄市,杉林區,8867,2710.59,22.989448317477198,120.55781601836337
高雄市,大樹區,9440,2674.46,22.711145222833036,120.42548197344517
高雄市,燕巢區,7891,2614.96,22.785421145407465,120.36017588602189
高雄市,內門區,11030,2495.68,22.960097233420214,120.47372666608234
高雄市,六龜區,9174,2157.91,22.99327115789179,120.65564671415926
高雄市,阿蓮區,9128,2157.55,22.869589368921986,120.31889626549288
高雄市,岡山區,5264,1823.59,22.806698596954213,120.30081657893928
高雄市,田寮區,5961,1555.66,22.860254684879568,120.38831319512
高雄市,那瑪夏區,2906,1506.84,23.25673229535563,120.69293975525828
高雄市,桃源區,1981,1435.54,23.168380521485243,120.7650185018124
高雄市,永安區,4989,1377.67,22.820965327764885,120.2292202222966
高雄市,橋頭區,4528,1294.13,22.753587704671652,120.29729399863938
高雄市,湖內區,4511,1288.28,22.892224509708495,120.22510673472598
高雄市,甲仙區,2764,1166.6,23.092451233583017,120.5985234857736
高雄市,林園區,5383,949.07,22.511077549233594,120.39726272488278
高雄市,大社區,3702,915.16,22.74154959066495,120.36805168557152
高雄市,彌陀區,2960,812.85,22.779833011595706,120.23704071319959
高雄市,梓官區,5261,589.4,22.75024538725113,120.26012003725066
高雄市,仁武區,1529,557.78,22.70243041101425,120.35984743042576
高雄市,茄萣區,1124,530.5,22.884438363258568,120.20198582899691
高雄市,鳥松區,2560,508.63,22.659755251500382,120.38112613758457
高雄市,楠梓區,1225,333.52,22.726928031456726,120.28532163542141
高雄市,小港區,1689,272.89,22.567104537809122,120.36925501830115
高雄市,茂林區,333,179.54,22.90218075114812,120.68390937058359
高雄市,鳳山區,820,144.65,22.618003740471885,120.3595911123506
高雄市,三民區,188,30.61,22.67045807720658,120.32993763857026
高雄市,左營區,184,10.59,22.682822821988093,120.30430967787856
高雄市,前鎮區,100,8.19,22.588063002905475,120.32759270997244
高雄市,鼓山區,79,7.46,22.654964182211362,120.28970471603552
高雄市,苓雅區,26,1.47,22.62016268535448,120.32573761224985
高雄市,旗津區,32,1.3,22.594035444611883,120.28273551832513
高雄市,前金區,1,0.03,22.627778290748875,120.2948827428793
高雄市,鹽埕區,1,0.01,22.628202955328323,120.28645441229379
新北市,三峽區,6940,2042.6,24.8958650243832,121.40966866290894
新北市,淡水區,10803,1568.34,25.20235422747735,121.46622831188671
新北市,三芝區,9665,1326.14,25.241369340622498,121.50603192285239
新北市,新店區,3390,822.2,24.935393647986597,121.53764623206794
新北市,坪林區,4501,811.34,24.939316304464537,121.71394000924819
新北市,石門區,2988,765.01,25.26976628423695,121.5634250070979
新北市,金山區,3575,700.33,25.227428202559143,121.61473133490075
新北市,雙溪區,3318,609.59,25.01632220739559,121.84186721907682
新北市,林口區,2579,603.87,25.102926447929352,121.35296500316834
新北市,萬里區,2619,569.45,25.180188588568075,121.64352003554642
新北市,八里區,2185,558.59,25.13510296765844,121.40900695781856
新北市,貢寮區,4220,513.34,25.020726513823636,121.91162278297851
新北市,五股區,1376,488.73,25.10364751438465,121.4271066435461
新北市,石碇區,2268,434.76,24.97466128193749,121.66072306121076
新北市,汐止區,1986,397.94,25.067322519291785,121.64943930871783
新北市,樹林區,2537,393.38,24.970036601197773,121.39539843066285
新北市,深坑區,885,307.05,25.00370484933947,121.61589778097579
新北市,鶯歌區,1857,260.86,24.94974713631592,121.34169766358404
新北市,土城區,1330,257.48,24.963577995323202,121.44885357073477
新北市,平溪區,1249,158.57,25.02656933756281,121.75235811253621
新北市,瑞芳區,1095,157.38,25.100892433174835,121.80310663686497
新北市,烏來區,481,117.97,24.832662108646684,121.52651025330279
新北市,新莊區,788,106.33,25.031270530743658,121.4343952610089
新北市,中和區,504,86.77,24.982667082640997,121.48893805536513
新北市,泰山區,397,70.54,25.053149646307705,121.42258540224447
新北市,蘆洲區,456,52.05,25.093219801511037,121.47749010061754
新北市,板橋區,209,36.21,25.005085665845552,121.45007959032202
新北市,永和區,56,9.32,25.00759651082952,121.52673687900877
新北市,三重區,80,5.56,25.069139315503794,121.48365422521987
宜蘭縣,三星鄉,18284,3913.02,24.673808501869548,121.67378020565532
宜蘭縣,冬山鄉,14386,3057.47,24.64857113331279,121.76599186929936
宜蘭縣,員山鄉,14308,2694.48,24.733729763353153,121.70277195492466
宜蘭縣,壯圍鄉,11848,2603.7,24.75426179188133,121.79936501700935
宜蘭縣,礁溪鄉,11141,2298.05,24.804146126784012,121.77491438780565
宜蘭縣,大同鄉,4311,2118.68,24.56947194017145,121.50837695888819
宜蘭縣,五結鄉,8546,1788.84,24.691298350322494,121.80181232657762
宜蘭縣,宜蘭市,7406,1452.85,24.749183057412598,121.7592822511106
宜蘭縣,蘇澳鎮,4736,842.03,24.56790917191743,121.82469374230372
宜蘭縣,頭城鎮,5619,795.64,24.845054486952314,121.81093105023723
宜蘭縣,羅東鎮,2623,448.27,24.67992544091782,121.77297100536792
宜蘭縣,南澳鄉,1807,408.67,24.447397834970456,121.77181716111613
桃園市,新屋區,26189,5167.74,24.973148158264287,121.06690744657129
桃園市,觀音區,19719,3979.61,25.017251560004382,121.11901614055238
桃園市,大園區,16817,3249.32,25.060248072286615,121.20723506609468
桃園市,楊梅區,14345,2905.89,24.92400634748476,121.11439682050381
桃園市,中壢區,15781,2461.35,24.988778712929317,121.20232438116852
桃園市,蘆竹區,12792,1956.4,25.048004615066816,121.2699980721231
桃園市,龍潭區,8858,1684.21,24.853719727301797,121.215050566225
桃園市,大溪區,10246,1584.13,24.888064890777326,121.28255040675019
桃園市,平鎮區,9168,1443.52,24.91881831721703,121.21541787746956
桃園市,八德區,7377,1221.09,24.948719169243898,121.2862654619842
桃園市,復興區,2221,974.58,24.72775344673094,121.37640746376482
桃園市,桃園區,3117,574.31,24.99700923968059,121.28641966065892
桃園市,龜山區,1608,300.74,25.03417011505736,121.3456051924447
嘉義市,西區,7007,1248.93,23.483098577101693,120.4180767108098
嘉義市,東區,3116,685.01,23.48537555029762,120.47394845577045
新竹縣,新豐鄉,11605,2300.92,24.91540340118689,121.00453406049778
新竹縣,關西鎮,11323,2030.22,24.79174408220137,121.17051292843784
新竹縣,新埔鎮,11689,1780.16,24.83935071135595,121.09032873924062
新竹縣,竹北市,12443,1721.67,24.840270365343375,120.9891969842433
新竹縣,湖口鄉,10125,1674.04,24.897853432806322,121.05269590294405
新竹縣,竹東鎮,8850,1209.97,24.755722738437367,121.0611762266383
新竹縣,尖石鄉,6721,1094.84,24.6562946360558,121.2604008896019
新竹縣,寶山鄉,5163,1091.28,24.734332759912217,120.99239403079338
新竹縣,芎林鄉,7480,1067.18,24.76709502534835,121.09780745496204
新竹縣,橫山鄉,5680,1039.77,24.71216022575038,121.14063323233418
新竹縣,峨眉鄉,4961,950.6,24.687372806890608,121.00759712435618
新竹縣,五峰鄉,2776,683.37,24.605291558671855,121.12111918995899
新竹縣,北埔鄉,3000,647.51,24.69035247480314,121.06168029683839
苗栗縣,後龍鎮,16525,2852.31,24.62371540949845,120.78725479488801
苗栗縣,苑裡鎮,14412,2680.27,24.411523766752506,120.67700719482349
苗栗縣,卓蘭鎮,7720,2465.93,24.321502161378582,120.84820622591367
苗栗縣,通霄鎮,12773,2348.2,24.482563002817706,120.7056459059725
苗栗縣,大湖鄉,11321,1820.3,24.388659246686398,120.86395951331042
苗栗縣,公館鄉,13834,1628.82,24.503684275137772,120.83255813703552
苗栗縣,銅鑼鄉,9222,1353.2,24.474432669510097,120.79562712266659
苗栗縣,頭份市,8107,1289.61,24.680178343549546,120.92064466754762
苗栗縣,泰安鄉,4968,1116.42,24.41273889247107,120.93835253085986
苗栗縣,竹南鎮,5830,1043.79,24.695230085524535,120.87335909461244
苗栗縣,西湖鄉,6717,898.03,24.542480450672773,120.75881862266156
苗栗縣,三灣鄉,4440,828.52,24.642092420935597,120.95112570299803
苗栗縣,造橋鄉,4894,781.89,24.633404487017017,120.86086028999642
苗栗縣,三義鄉,3921,749.22,24.38223105554924,120.76930667996467
苗栗縣,苗栗市,5691,739.14,24.563777335336596,120.81629598843035
苗栗縣,南庄鄉,3817,717.73,24.60081758687008,120.98979122951916
苗栗縣,獅潭鄉,1894,587.14,24.51516815898467,120.91948262065935
苗栗縣,頭屋鄉,2729,486.3,24.577383236651524,120.86945548896988
南投縣,國姓鄉,13032,5803.66,24.034788824225483,120.86128070582026
南投縣,竹山鎮,23554,5753.69,23.730498861953635,120.69791316190572
南投縣,中寮鄉,11316,5511.55,23.905406651309665,120.78509957273857
南投縣,名間鄉,29979,5093.64,23.850063703817796,120.6720170706258
南投縣,仁愛鄉,16073,4982.49,24.060376512674168,121.13351475352677
南投縣,埔里鎮,20614,4970.65,23.981987097112427,120.9520670411521
南投縣,草屯鎮,23365,4522.11,23.98262033952547,120.72294807227429
南投縣,信義鄉,12178,4005.1,23.668388917846592,120.8868676909822
南投縣,水里鄉,4996,2979.74,23.800311030557264,120.8599510631981
南投縣,魚池鄉,7008,2932.83,23.8868050766836,120.9269999865692
南投縣,鹿谷鄉,8349,2817.8,23.749018675023343,120.77054572086375
南投縣,南投市,11094,2569.79,23.91521961113722,120.67511917847067
南投縣,集集鎮,4503,1615.56,23.837179117888745,120.78576295486441
彰化縣,芳苑鄉,21532,7442.22,23.95430291394439,120.35459800829233
彰化縣,二林鎮,23126,7076.46,23.91678014795413,120.404688737228
彰化縣,溪州鄉,19098,4347.05,23.83060325426806,120.52186109181179
彰化縣,大城鄉,11616,3667.23,23.856206791350612,120.31587584824003
彰化縣,福興鄉,15403,3393.63,24.02944702953386,120.42994610046803
彰化縣,埤頭鄉,15165,3124.91,23.88199071185413,120.46670352967185
彰化縣,竹塘鄉,11054,3005.12,23.853085529552366,120.41426461436113
彰化縣,鹿港鎮,12814,2918.43,24.08275150660421,120.45047708779141
彰化縣,埔鹽鄉,12751,2716.35,23.992105236135103,120.45899308415748
彰化縣,和美鎮,12410,2151.08,24.11292595729879,120.51069297260472
彰化縣,彰化市,10761,1891.16,24.079213290727726,120.57032854600772
彰化縣,田中鎮,13923,1888.02,23.856064773222332,120.58348634962654
彰化縣,溪湖鎮,10215,1818.38,23.949924824828766,120.48421035281753
彰化縣,秀水鄉,8190,1793.15,24.031769464597073,120.50424462301444
彰化縣,社頭鄉,8201,1767.28,23.90654588200539,120.59612464020489
彰化縣,伸港鄉,7732,1732.95,24.164516591284936,120.48452479007257
彰化縣,田尾鄉,11626,1647.34,23.901189446506347,120.52111341271396
彰化縣,芬園鄉,9660,1533.08,24.009527894620458,120.63422488369444
彰化縣,大村鄉,8776,1458.18,23.991050762097494,120.54715525596811
彰化縣,二水鄉,9737,1421.2,23.80547894299223,120.6252034798607
彰化縣,員林市,8272,1360.09,23.954326617940804,120.5879432807872
彰化縣,花壇鄉,6872,1339.51,24.02960970650231,120.5501988640582
彰化縣,永靖鄉,9119,1249.09,23.921408813042827,120.54044575642226
彰化縣,埔心鄉,9170,1207.31,23.952538238559672,120.53285829211046
彰化縣,線西鄉,5142,1202.76,24.131253146291595,120.45759105552715
彰化縣,北斗鎮,8490,1197.42,23.86629763054481,120.53445357779698
新竹市,香山區,6849,1120.94,24.771187578175063,120.92572417254252
新竹市,北區,2510,360.05,24.828530956278662,120.94322755410427
新竹市,東區,2408,359.7,24.79970166628933,120.99835254097373
雲林縣,古坑鄉,16934,7343.2,23.63469552285538,120.58297823168917
雲林縣,麥寮鄉,11129,5898.41,23.782468607247797,120.25839063288684
雲林縣,元長鄉,19053,5651.64,23.642655082471695,120.32762972437833
雲林縣,水林鄉,20065,5626.11,23.561991748131558,120.23521632912264
雲林縣,四湖鄉,13338,5444.48,23.64127661394205,120.21042737963155
雲林縣,口湖鄉,12399,5183.49,23.573115757882146,120.17184899342486
雲林縣,二崙鄉,16530,4454.57,23.79140538857149,120.39543247539861
雲林縣,斗六市,15926,4387.74,23.70673111188956,120.54789800178827
雲林縣,臺西鄉,10332,4323.48,23.716909388395568,120.20612548877607
雲林縣,崙背鄉,11510,4286.51,23.778294052892214,120.33296477896998
雲林縣,虎尾鎮,14941,4041.97,23.716983471218782,120.42824143258083
雲林縣,莿桐鄉,14423,3768.06,23.767452963882903,120.52759346990582
雲林縣,東勢鄉,10460,3627.82,23.696427324343222,120.25629673790314
雲林縣,土庫鎮,13223,3597.72,23.691424626537508,120.36383332416774
雲林縣,大埤鄉,12288,3346.61,23.645920365937556,120.42493099527157
雲林縣,西螺鎮,12696,3251.64,23.775572410526145,120.45725222214877
雲林縣,斗南鎮,11364,3121.88,23.668937512542133,120.48392268586095
雲林縣,北港鎮,8795,2806.66,23.595161786944114,120.292861711279
雲林縣,褒忠鄉,5986,2749.63,23.717111957293568,120.31248004300663
雲林縣,林內鄉,10922,2125.67,23.758863518983265,120.60405462550493
嘉義縣,中埔鄉,22424,7691.33,23.40729602595324,120.53474205575522
嘉義縣,義竹鄉,16451,6108.15,23.347147051514916,120.22456954817284
嘉義縣,東石鄉,15372,5689.28,23.469329467469823,120.17359186861819
嘉義縣,竹崎鄉,17182,5576.32,23.506551132277888,120.56958370787616
嘉義縣,布袋鎮,10503,5433.32,23.377032461173908,120.18161051076935
嘉義縣,民雄鄉,21878,5068.48,23.544506331219083,120.43849681368397
嘉義縣,新港鄉,18134,4973.83,23.54658043291027,120.34799754136314
嘉義縣,太保市,15458,4699.04,23.472052457584866,120.34240233215071
嘉義縣,六腳鄉,16147,4527.75,23.509481966523943,120.27127995214279
嘉義縣,鹿草鄉,11649,4112.43,23.408317829740195,120.30379709058033
嘉義縣,水上鄉,13539,4097.05,23.430349026612934,120.4064489348321
嘉義縣,梅山鄉,11696,4021.58,23.56056991612494,120.61228765930875
嘉義縣,大林鎮,13881,3707.15,23.602020850685847,120.47733303593694
嘉義縣,朴子市,12863,3694.73,23.44378146510928,120.2531272044048
嘉義縣,番路鄉,9159,3502.03,23.435208072110612,120.6034266544364
嘉義縣,溪口鄉,9767,2468.93,23.592889575386167,120.4007413233377
嘉義縣,大埔鄉,2690,1609.45,23.301454713703496,120.58875786244829
嘉義縣,阿里山鄉,7708,1454.42,23.409959557707477,120.70988277435161
屏東縣,高樹鄉,24150,5675.99,22.806620800060507,120.60292876098417
屏東縣,內埔鄉,15020,5527.25,22.65229174836364,120.58741329519809
屏東縣,萬巒鄉,13061,4751.97,22.581041348228176,120.60103500213407
屏東縣,枋寮鄉,10781,4338.31,22.404468795488864,120.59833245266087
屏東縣,萬丹鄉,18057,4268.79,22.588102857324227,120.4786318613837
屏東縣,新埤鄉,8899,4198.46,22.487761888463055,120.58300703882782
屏東縣,鹽埔鄉,11645,4130.96,22.742008289552555,120.56574094932228
屏東縣,恆春鎮,11455,3857.92,21.98707908108452,120.74274617398147
屏東縣,里港鄉,11564,3523.6,22.79816750753571,120.50301193235666
屏東縣,長治鄉,9194,3487.43,22.69457601528677,120.55838802540586
屏東縣,潮州鎮,7914,3003.94,22.53530739154133,120.560497809949
屏東縣,九如鄉,9277,2994.55,22.733564899385236,120.4885593122296
屏東縣,屏東市,10775,2721.72,22.6595236863655,120.48315974031334
屏東縣,新園鄉,10596,2667.9,22.51981411969718,120.45182052293215
屏東縣,佳冬鄉,9759,2034.52,22.429421853413345,120.54851229576606
屏東縣,崁頂鄉,6404,1904.7,22.515173133389265,120.50167742862193
屏東縣,竹田鄉,7169,1890.44,22.590123721914942,120.52723680727472
屏東縣,南州鄉,5013,1493.54,22.47904264684871,120.51854508317822
屏東縣,三地門鄉,2164,1436.35,22.770359570958366,120.64920345921482
屏東縣,滿州鄉,2833,1400.08,22.038048162549668,120.83110479371838
屏東縣,獅子鄉,1907,1336.09,22.263734002959346,120.684493561057
屏東縣,東港鎮,4685,1327.63,22.467808344590576,120.4808463244663
屏東縣,來義鄉,2929,1183.38,22.491501210844753,120.64299046590158
屏東縣,林邊鄉,3521,1056.04,22.443018636984807,120.51265339213899
屏東縣,麟洛鄉,3238,1003.66,22.648413016219596,120.52970055306942
屏東縣,車城鄉,5100,975.7,22.075830899338293,120.72856914312584
屏東縣,枋山鄉,2858,834.25,22.274314469941718,120.6564860345763
屏東縣,春日鄉,901,723.25,22.391921681564398,120.64185577799408
屏東縣,泰武鄉,1210,630.72,22.5962093294377,120.65145436809239
屏東縣,牡丹鄉,1073,416.39,22.14943349565362,120.81301710711698
屏東縣,瑪家鄉,430,284.5,22.66795242780099,120.65358345149276
屏東縣,霧臺鄉,205,92.19,22.752297006220648,120.73309148312849
屏東縣,琉球鄉,610,45.4,22.34264100279204,120.37088986823423
花蓮縣,鳳林鎮,11993,7520.97,23.743187563261355,121.46621892487578
花蓮縣,玉里鎮,20876,6262.96,23.37174356342878,121.34822807396944
花蓮縣,壽豐鄉,12313,5979.97,23.85728541360883,121.51929877917917
花蓮縣,光復鄉,10327,5319.99,23.642012772455555,121.41950876122823
花蓮縣,瑞穗鄉,11879,4495.46,23.51957514059624,121.38035697051004
花蓮縣,富里鄉,17860,4004.63,23.206930271778475,121.27975736358556
花蓮縣,吉安鄉,14972,2576.11,23.95397309115873,121.56640606369696
花蓮縣,萬榮鄉,4146,1853.52,23.658658207829948,121.388837041449
花蓮縣,卓溪鄉,3248,1678.13,23.33162166990293,121.2790855918802
花蓮縣,秀林鄉,3173,1334.85,24.05727613824476,121.5623579380074
花蓮縣,豐濱鄉,4268,892.24,23.588365336998258,121.51489566453209
花蓮縣,新城鄉,2780,849.96,24.06753356610452,121.61416122935353
花蓮縣,花蓮市,1927,458.42,24.001497312134887,121.59751179516422
臺東縣,臺東市,18098,5341.15,22.747278111250733,121.10075491169759
臺東縣,卑南鄉,10774,4250.37,22.817371501474103,121.09572405643755
臺東縣,鹿野鄉,11668,3055.78,22.945931860279146,121.14176570762741
臺東縣,東河鄉,10533,2902.83,22.952108024568965,121.25504324616821
臺東縣,池上鄉,9054,2894.06,23.105341098686463,121.21010723367215
臺東縣,關山鎮,10153,2665.67,23.047603648050078,121.17052923720556
臺東縣,太麻里鄉,5832,2507.79,22.620623678409686,120.99643810502171
臺東縣,長濱鄉,11181,2144.41,23.325712482896623,121.44076818716958
臺東縣,成功鎮,11945,1900.2,23.102307142033567,121.36283776440888
臺東縣,海端鄉,2656,1192.85,23.109410581308232,121.13230244176842
臺東縣,延平鄉,3005,1088.91,22.908591136990236,121.1114112419951
臺東縣,金峰鄉,2074,1007.31,22.614192125489385,120.95927882137718
臺東縣,達仁鄉,1680,740.05,22.413796366531887,120.88151342732807
臺東縣,大武鄉,1285,546.4,22.37867559026881,120.89917062261291
臺東縣,蘭嶼鄉,2183,209.96,22.051689948286278,121.54615459987077
臺東縣,綠島鄉,379,53.77,22.665833450552014,121.48614142013747
